{
  "locations": [
    {"name": "Lake Tahoe", "type": "Lake", "slug": "lake-tahoe"},
    {"name": "Crater Lake", "type": "Lake", "slug": "crater-lake"},
    {"name": "Lake Powell", "type": "Lake", "slug": "lake-powell"},
    {"name": "Lake McDonald", "type": "Lake", "slug": "lake-mcdonald"},
    {"name": "Lake Champlain", "type": "Lake", "slug": "lake-champlain"},
    {"name": "Lake George", "type": "Lake", "slug": "lake-george"},
    {"name": "Lake Superior", "type": "Lake", "slug": "lake-superior"},
    {"name": "Lake Michigan", "type": "Lake", "slug": "lake-michigan"},
    {"name": "Lake Huron", "type": "Lake", "slug": "lake-huron"},
    {"name": "Lake Erie", "type": "Lake", "slug": "lake-erie"},
    {"name": "Lake Ontario", "type": "Lake", "slug": "lake-ontario"},
    {"name": "Lake Winnipesaukee", "type": "Lake", "slug": "lake-winnipesaukee"},
    {"name": "Lake Placid", "type": "Lake", "slug": "lake-placid"},
    {"name": "Lake Okeechobee", "type": "Lake", "slug": "lake-okeechobee"},
    {"name": "Lake Havasu", "type": "Lake", "slug": "lake-havasu"},
    {"name": "Lake Mead", "type": "Lake", "slug": "lake-mead"},
    {"name": "Lake Lanier", "type": "Lake", "slug": "lake-lanier"},
    {"name": "Lake Cumberland", "type": "Lake", "slug": "lake-cumberland"},
    {"name": "Lake Chelan", "type": "Lake", "slug": "lake-chelan"},
    {"name": "Lake Coeur d'Alene", "type": "Lake", "slug": "lake-coeur-dalene"},
    {"name": "Bear Lake", "type": "Lake", "slug": "bear-lake"},
    {"name": "Yellowstone Lake", "type": "Lake", "slug": "yellowstone-lake"},
    {"name": "Jenny Lake", "type": "Lake", "slug": "jenny-lake"},
    {"name": "Lake Itasca", "type": "Lake", "slug": "lake-itasca"},
    {"name": "Lake Texoma", "type": "Lake", "slug": "lake-texoma"},
    {"name": "Lake Ouachita", "type": "Lake", "slug": "lake-ouachita"},
    {"name": "Lake Pontchartrain", "type": "Lake", "slug": "lake-pontchartrain"},
    {"name": "Lake Sunapee", "type": "Lake", "slug": "lake-sunapee"},
    {"name": "Lake Wallenpaupack", "type": "Lake", "slug": "lake-wallenpaupack"},
    {"name": "Lake Norman", "type": "Lake", "slug": "lake-norman"},
    {"name": "Lake Murray", "type": "Lake", "slug": "lake-murray"},
    {"name": "Lake Travis", "type": "Lake", "slug": "lake-travis"},
    {"name": "Lake Conroe", "type": "Lake", "slug": "lake-conroe"},
    {"name": "Lake Livingston", "type": "Lake", "slug": "lake-livingston"},
    {"name": "Lake Fork", "type": "Lake", "slug": "lake-fork"},
    {"name": "Lake Ray Hubbard", "type": "Lake", "slug": "lake-ray-hubbard"},
    {"name": "Lake Arrowhead", "type": "Lake", "slug": "lake-arrowhead"},
    {"name": "Big Bear Lake", "type": "Lake", "slug": "big-bear-lake"},
    {"name": "Lake Shasta", "type": "Lake", "slug": "lake-shasta"},
    {"name": "Lake Oroville", "type": "Lake", "slug": "lake-oroville"},
    {"name": "Mono Lake", "type": "Lake", "slug": "mono-lake"},
    {"name": "Mammoth Lakes", "type": "Lake", "slug": "mammoth-lakes"},
    {"name": "June Lake", "type": "Lake", "slug": "june-lake"},
    {"name": "Pyramid Lake", "type": "Lake", "slug": "pyramid-lake"},
    {"name": "Lake Cascade", "type": "Lake", "slug": "lake-cascade"},
    {"name": "Redfish Lake", "type": "Lake", "slug": "redfish-lake"},
    {"name": "Priest Lake", "type": "Lake", "slug": "priest-lake"},
    {"name": "Flathead Lake", "type": "Lake", "slug": "flathead-lake"},
    {"name": "Seeley Lake", "type": "Lake", "slug": "seeley-lake"},
    {"name": "Lake Koocanusa", "type": "Lake", "slug": "lake-koocanusa"},
    {"name": "Canyon Ferry Lake", "type": "Lake", "slug": "canyon-ferry-lake"},
    {"name": "Lake Sakakawea", "type": "Lake", "slug": "lake-sakakawea"},
    {"name": "Lake Oahe", "type": "Lake", "slug": "lake-oahe"},
    {"name": "Lake Francis Case", "type": "Lake", "slug": "lake-francis-case"},
    {"name": "Lewis and Clark Lake", "type": "Lake", "slug": "lewis-and-clark-lake"},
    {"name": "Lake McConaughy", "type": "Lake", "slug": "lake-mcconaughy"},
    {"name": "Lake Dillon", "type": "Lake", "slug": "lake-dillon"},
    {"name": "Grand Lake", "type": "Lake", "slug": "grand-lake"},
    {"name": "Lake Granby", "type": "Lake", "slug": "lake-granby"},
    {"name": "Horsetooth Reservoir", "type": "Lake", "slug": "horsetooth-reservoir"},
    {"name": "Lake Pueblo", "type": "Lake", "slug": "lake-pueblo"},
    {"name": "Blue Mesa Reservoir", "type": "Lake", "slug": "blue-mesa-reservoir"},
    {"name": "Flaming Gorge Reservoir", "type": "Lake", "slug": "flaming-gorge-reservoir"},
    {"name": "Strawberry Reservoir", "type": "Lake", "slug": "strawberry-reservoir"},
    {"name": "Utah Lake", "type": "Lake", "slug": "utah-lake"},
    {"name": "Great Salt Lake", "type": "Lake", "slug": "great-salt-lake"},
    {"name": "Lake Pleasant", "type": "Lake", "slug": "lake-pleasant"},
    {"name": "Roosevelt Lake", "type": "Lake", "slug": "roosevelt-lake"},
    {"name": "Apache Lake", "type": "Lake", "slug": "apache-lake"},
    {"name": "Canyon Lake", "type": "Lake", "slug": "canyon-lake"},
    {"name": "Saguaro Lake", "type": "Lake", "slug": "saguaro-lake"},
    {"name": "Elephant Butte Lake", "type": "Lake", "slug": "elephant-butte-lake"},
    {"name": "Navajo Lake", "type": "Lake", "slug": "navajo-lake"},
    {"name": "Lake Meredith", "type": "Lake", "slug": "lake-meredith"},
    {"name": "Lake Tenkiller", "type": "Lake", "slug": "lake-tenkiller"},
    {"name": "Lake Eufaula", "type": "Lake", "slug": "lake-eufaula"},
    {"name": "Table Rock Lake", "type": "Lake", "slug": "table-rock-lake"},
    {"name": "Lake of the Ozarks", "type": "Lake", "slug": "lake-of-the-ozarks"},
    {"name": "Bull Shoals Lake", "type": "Lake", "slug": "bull-shoals-lake"},
    {"name": "Beaver Lake", "type": "Lake", "slug": "beaver-lake"},
    {"name": "Norfork Lake", "type": "Lake", "slug": "norfork-lake"},
    {"name": "Kentucky Lake", "type": "Lake", "slug": "kentucky-lake"},
    {"name": "Lake Barkley", "type": "Lake", "slug": "lake-barkley"},
    {"name": "Dale Hollow Lake", "type": "Lake", "slug": "dale-hollow-lake"},
    {"name": "Norris Lake", "type": "Lake", "slug": "norris-lake"},
    {"name": "Lake Guntersville", "type": "Lake", "slug": "lake-guntersville"},
    {"name": "Wheeler Lake", "type": "Lake", "slug": "wheeler-lake"},
    {"name": "Pickwick Lake", "type": "Lake", "slug": "pickwick-lake"},
    {"name": "Lake Martin", "type": "Lake", "slug": "lake-martin"},
    {"name": "Lake Sinclair", "type": "Lake", "slug": "lake-sinclair"},
    {"name": "Lake Oconee", "type": "Lake", "slug": "lake-oconee"},
    {"name": "Lake Moultrie", "type": "Lake", "slug": "lake-moultrie"},
    {"name": "Lake Marion", "type": "Lake", "slug": "lake-marion"},
    {"name": "Lake Hartwell", "type": "Lake", "slug": "lake-hartwell"},
    {"name": "Lake Jocassee", "type": "Lake", "slug": "lake-jocassee"},
    {"name": "Lake Keowee", "type": "Lake", "slug": "lake-keowee"},
    {"name": "Smith Mountain Lake", "type": "Lake", "slug": "smith-mountain-lake"},
    {"name": "Lake Anna", "type": "Lake", "slug": "lake-anna"},
    {"name": "Deep Creek Lake", "type": "Lake", "slug": "deep-creek-lake"},
    {"name": "Raystown Lake", "type": "Lake", "slug": "raystown-lake"}
  ]
}
